firmware,episode0,episode1,episode2,episode3,episode4,episode5,episode6,episode7,episode8,episode9,num_vuln_exploited
DIR-860L_B1_FW203b03,8.8,10.2,9.8,10.3,10.3,9.9,9.1,9.1,11.1,10.4,160.3
DIR880A1_FW100b48,9.6,10.2,8.9,9.9,10.1,9.7,9.0,10.0,9.1,9.3,124.2
DIR-890L_REVA1_FW100b25,9.8,11.2,9.2,9.9,9.4,10.8,9.8,9.1,9.9,10.7,160.5
DIR-880L_A1_FW107WWb08,9.6,10.3,10.6,9.5,9.5,9.7,9.4,10.5,10.3,10.4,154.50000000000003
DIR890LA1_FW111b04,10.5,10.2,9.7,10.0,10.8,10.0,10.4,9.5,9.9,9.0,150.60000000000002
DIR818L_FW105b01,11.6,9.7,10.2,9.5,9.4,10.9,9.1,10.2,10.0,9.9,150.5
DIR822C1_FW303WWb04_i4sa_middle,10.1,9.3,10.6,10.7,8.7,9.8,10.0,9.7,10.4,9.6,143.1
DIR868LB1_FW203b01,10.5,8.9,9.6,10.2,10.2,11.0,10.0,9.2,10.5,9.5,150.8
DIR846enFW100A53DLA-Retail,9.5,10.1,9.8,10.0,10.5,9.3,9.4,10.1,10.3,10.2,151.79999999999998
DIR822B1_FW202KRb06,9.4,10.0,10.3,9.6,9.1,10.0,10.2,11.1,10.5,10.1,146.2
