firmware,episode0,episode1,episode2,episode3,episode4,episode5,episode6,episode7,episode8,episode9,num_vuln_exploited
DIR-860L_B1_FW203b03,6.9,6.9,7.6,7.4,6.9,6.4,7.1,7.7,6.1,6.2,62.400000000000006
DIR880A1_FW100b48,7.5,6.5,6.6,7.8,7.8,7.0,6.9,8.2,6.4,6.1,49.0
DIR-890L_REVA1_FW100b25,7.8,7.3,7.3,7.0,6.6,8.3,7.0,7.5,7.1,6.7,54.49999999999999
DIR-880L_A1_FW107WWb08,7.6,7.4,7.3,6.6,6.9,6.8,7.8,6.7,8.8,7.7,66.6
DIR890LA1_FW111b04,7.4,7.6,7.3,6.5,7.2,7.4,7.9,7.3,7.7,5.4,60.3
DIR818L_FW105b01,6.5,7.0,7.5,7.3,7.0,8.3,6.4,7.5,8.1,7.7,58.89999999999999
DIR822C1_FW303WWb04_i4sa_middle,7.7,6.5,6.7,7.1,6.3,6.7,7.6,6.6,6.2,7.6,58.5
DIR868LB1_FW203b01,5.9,7.7,6.5,8.2,7.2,7.3,6.0,6.5,6.3,7.6,57.8
DIR846enFW100A53DLA-Retail,8.0,7.3,7.5,7.7,6.5,7.4,6.8,5.3,6.5,6.9,59.8
DIR822B1_FW202KRb06,7.5,6.5,6.9,6.8,6.5,6.9,7.5,8.3,7.7,7.4,59.0
